{"disposableIncome":8000.0,"budgets":{"Childcare":1000.7,"Others":500.0,"Savings":604.6050273483283,"Entertainment":226.7155494781492,"Education":453.4310989562984,"Transportation":377.88947787017906,"Daily Necessities":604.6050273483283,"Healthcare":302.2571705642685,"Shopping":377.88947787017906,"Gifts":151.1739283920299,"Housing/Rent":2267.1554947814925,"Food":1133.5777473907463}}