{"disposableIncome":9000.0,"budgets":{"Childcare":0.0,"Others":100.0,"Savings":290.19565998742024,"Entertainment":386.96086800251595,"Education":386.96086800251595,"Transportation":483.7260760176116,"Daily Necessities":773.9217360050319,"Healthcare":386.96086800251595,"Shopping":580.3913199748405,"Gifts":290.19565998742024,"Housing/Rent":3385.8826040075473,"Food":1934.8043400125796}}